id,happiness
8001,4.0
8002,4.0
8003,3.0
8004,4.0
8005,4.0
8006,4.0
8007,4.0
8008,5.0
8009,4.0
8010,3.0
8011,4.0
8012,4.0
8013,4.0
8014,4.0
8015,4.0
8016,4.0
8017,4.0
8018,4.0
8019,4.0
8020,4.0
8021,4.0
8022,4.0
8023,4.0
8024,4.0
8025,4.0
8026,4.0
8027,4.0
8028,4.0
8029,4.0
8030,4.0
8031,4.0
8032,4.0
8033,4.0
8034,4.0
8035,5.0
8036,5.0
8037,4.0
8038,4.0
8039,4.0
8040,4.0
8041,5.0
8042,4.0
8043,4.0
8044,4.0
8045,4.0
8046,4.0
8047,4.0
8048,4.0
8049,4.0
8050,4.0
8051,4.0
8052,4.0
8053,2.0
8054,4.0
8055,4.0
8056,4.0
8057,4.0
8058,2.0
8059,4.0
8060,4.0
8061,3.0
8062,4.0
8063,4.0
8064,4.0
8065,4.0
8066,4.0
8067,4.0
8068,4.0
8069,4.0
8070,4.0
8071,4.0
8072,4.0
8073,3.0
8074,4.0
8075,4.0
8076,4.0
8077,4.0
8078,4.0
8079,5.0
8080,4.0
8081,4.0
8082,4.0
8083,4.0
8084,4.0
8085,4.0
8086,4.0
8087,4.0
8088,4.0
8089,4.0
8090,4.0
8091,4.0
8092,4.0
8093,4.0
8094,4.0
8095,5.0
8096,4.0
8097,4.0
8098,4.0
8099,4.0
8100,4.0
8101,4.0
8102,4.0
8103,4.0
8104,5.0
8105,4.0
8106,4.0
8107,4.0
8108,4.0
8109,4.0
8110,4.0
8111,4.0
8112,4.0
8113,4.0
8114,5.0
8115,4.0
8116,4.0
8117,4.0
8118,4.0
8119,4.0
8120,4.0
8121,4.0
8122,4.0
8123,4.0
8124,4.0
8125,4.0
8126,5.0
8127,2.0
8128,4.0
8129,4.0
8130,4.0
8131,4.0
8132,4.0
8133,4.0
8134,5.0
8135,4.0
8136,4.0
8137,4.0
8138,3.0
8139,4.0
8140,4.0
8141,4.0
8142,4.0
8143,4.0
8144,4.0
8145,4.0
8146,2.0
8147,4.0
8148,2.0
8149,4.0
8150,4.0
8151,2.0
8152,4.0
8153,4.0
8154,4.0
8155,4.0
8156,4.0
8157,4.0
8158,4.0
8159,4.0
8160,4.0
8161,4.0
8162,4.0
8163,4.0
8164,4.0
8165,4.0
8166,4.0
8167,4.0
8168,4.0
8169,4.0
8170,4.0
8171,4.0
8172,4.0
8173,4.0
8174,4.0
8175,4.0
8176,4.0
8177,2.0
8178,4.0
8179,4.0
8180,4.0
8181,4.0
8182,4.0
8183,4.0
8184,4.0
8185,4.0
8186,4.0
8187,4.0
8188,4.0
8189,4.0
8190,4.0
8191,4.0
8192,4.0
8193,4.0
8194,4.0
8195,5.0
8196,4.0
8197,4.0
8198,4.0
8199,4.0
8200,5.0
8201,4.0
8202,4.0
8203,4.0
8204,4.0
8205,4.0
8206,4.0
8207,4.0
8208,4.0
8209,4.0
8210,3.0
8211,4.0
8212,4.0
8213,4.0
8214,4.0
8215,4.0
8216,4.0
8217,4.0
8218,4.0
8219,4.0
8220,4.0
8221,5.0
8222,4.0
8223,4.0
8224,4.0
8225,4.0
8226,4.0
8227,4.0
8228,3.0
8229,4.0
8230,2.0
8231,4.0
8232,4.0
8233,4.0
8234,4.0
8235,4.0
8236,4.0
8237,4.0
8238,4.0
8239,4.0
8240,4.0
8241,4.0
8242,4.0
8243,4.0
8244,4.0
8245,4.0
8246,4.0
8247,4.0
8248,4.0
8249,4.0
8250,4.0
8251,4.0
8252,4.0
8253,4.0
8254,4.0
8255,4.0
8256,4.0
8257,4.0
8258,2.0
8259,4.0
8260,4.0
8261,4.0
8262,4.0
8263,4.0
8264,4.0
8265,5.0
8266,4.0
8267,4.0
8268,4.0
8269,4.0
8270,4.0
8271,4.0
8272,4.0
8273,4.0
8274,4.0
8275,4.0
8276,4.0
8277,4.0
8278,4.0
8279,4.0
8280,4.0
8281,5.0
8282,4.0
8283,4.0
8284,4.0
8285,4.0
8286,1.0
8287,4.0
8288,4.0
8289,4.0
8290,4.0
8291,4.0
8292,4.0
8293,4.0
8294,4.0
8295,4.0
8296,4.0
8297,4.0
8298,5.0
8299,2.0
8300,4.0
8301,4.0
8302,4.0
8303,4.0
8304,4.0
8305,4.0
8306,4.0
8307,4.0
8308,4.0
8309,4.0
8310,4.0
8311,4.0
8312,5.0
8313,4.0
8314,4.0
8315,4.0
8316,4.0
8317,4.0
8318,4.0
8319,4.0
8320,4.0
8321,4.0
8322,5.0
8323,4.0
8324,4.0
8325,4.0
8326,4.0
8327,4.0
8328,4.0
8329,4.0
8330,4.0
8331,4.0
8332,4.0
8333,4.0
8334,4.0
8335,3.0
8336,4.0
8337,4.0
8338,4.0
8339,4.0
8340,4.0
8341,4.0
8342,4.0
8343,2.0
8344,4.0
8345,4.0
8346,3.0
8347,3.0
8348,4.0
8349,4.0
8350,4.0
8351,4.0
8352,4.0
8353,4.0
8354,4.0
8355,4.0
8356,5.0
8357,4.0
8358,4.0
8359,4.0
8360,4.0
8361,4.0
8362,4.0
8363,4.0
8364,4.0
8365,4.0
8366,4.0
8367,4.0
8368,4.0
8369,3.0
8370,4.0
8371,4.0
8372,4.0
8373,2.0
8374,4.0
8375,4.0
8376,5.0
8377,4.0
8378,4.0
8379,4.0
8380,4.0
8381,4.0
8382,4.0
8383,4.0
8384,4.0
8385,4.0
8386,4.0
8387,4.0
8388,4.0
8389,4.0
8390,4.0
8391,4.0
8392,4.0
8393,4.0
8394,4.0
8395,4.0
8396,4.0
8397,4.0
8398,4.0
8399,4.0
8400,4.0
8401,5.0
8402,4.0
8403,4.0
8404,4.0
8405,5.0
8406,4.0
8407,4.0
8408,5.0
8409,4.0
8410,4.0
8411,4.0
8412,4.0
8413,4.0
8414,4.0
8415,4.0
8416,4.0
8417,4.0
8418,4.0
8419,4.0
8420,4.0
8421,4.0
8422,4.0
8423,4.0
8424,4.0
8425,4.0
8426,4.0
8427,4.0
8428,4.0
8429,4.0
8430,4.0
8431,4.0
8432,4.0
8433,4.0
8434,4.0
8435,4.0
8436,4.0
8437,4.0
8438,4.0
8439,4.0
8440,4.0
8441,4.0
8442,4.0
8443,4.0
8444,4.0
8445,4.0
8446,1.0
8447,4.0
8448,4.0
8449,4.0
8450,4.0
8451,4.0
8452,1.0
8453,4.0
8454,5.0
8455,4.0
8456,4.0
8457,4.0
8458,4.0
8459,4.0
8460,4.0
8461,4.0
8462,4.0
8463,4.0
8464,4.0
8465,4.0
8466,5.0
8467,4.0
8468,3.0
8469,4.0
8470,4.0
8471,4.0
8472,4.0
8473,4.0
8474,4.0
8475,4.0
8476,4.0
8477,4.0
8478,4.0
8479,4.0
8480,3.0
8481,4.0
8482,4.0
8483,4.0
8484,4.0
8485,4.0
8486,5.0
8487,4.0
8488,4.0
8489,5.0
8490,4.0
8491,4.0
8492,4.0
8493,4.0
8494,4.0
8495,4.0
8496,4.0
8497,2.0
8498,4.0
8499,4.0
8500,4.0
8501,4.0
8502,5.0
8503,4.0
8504,4.0
8505,2.0
8506,5.0
8507,4.0
8508,4.0
8509,4.0
8510,4.0
8511,4.0
8512,4.0
8513,4.0
8514,4.0
8515,4.0
8516,4.0
8517,4.0
8518,2.0
8519,4.0
8520,4.0
8521,4.0
8522,3.0
8523,4.0
8524,4.0
8525,4.0
8526,5.0
8527,4.0
8528,3.0
8529,4.0
8530,4.0
8531,4.0
8532,4.0
8533,4.0
8534,4.0
8535,4.0
8536,4.0
8537,4.0
8538,4.0
8539,4.0
8540,4.0
8541,4.0
8542,4.0
8543,3.0
8544,4.0
8545,4.0
8546,4.0
8547,4.0
8548,4.0
8549,3.0
8550,4.0
8551,4.0
8552,4.0
8553,4.0
8554,4.0
8555,5.0
8556,4.0
8557,4.0
8558,4.0
8559,4.0
8560,3.0
8561,4.0
8562,4.0
8563,4.0
8564,4.0
8565,4.0
8566,4.0
8567,4.0
8568,4.0
8569,2.0
8570,4.0
8571,4.0
8572,4.0
8573,2.0
8574,4.0
8575,4.0
8576,4.0
8577,4.0
8578,4.0
8579,4.0
8580,4.0
8581,4.0
8582,4.0
8583,5.0
8584,4.0
8585,4.0
8586,4.0
8587,4.0
8588,5.0
8589,4.0
8590,4.0
8591,4.0
8592,4.0
8593,4.0
8594,4.0
8595,2.0
8596,4.0
8597,4.0
8598,4.0
8599,4.0
8600,4.0
8601,4.0
8602,2.0
8603,4.0
8604,4.0
8605,4.0
8606,4.0
8607,4.0
8608,4.0
8609,4.0
8610,4.0
8611,5.0
8612,4.0
8613,4.0
8614,4.0
8615,5.0
8616,4.0
8617,4.0
8618,4.0
8619,4.0
8620,4.0
8621,2.0
8622,4.0
8623,5.0
8624,4.0
8625,2.0
8626,4.0
8627,4.0
8628,4.0
8629,4.0
8630,4.0
8631,4.0
8632,4.0
8633,4.0
8634,4.0
8635,4.0
8636,4.0
8637,4.0
8638,4.0
8639,4.0
8640,4.0
8641,4.0
8642,3.0
8643,4.0
8644,5.0
8645,4.0
8646,4.0
8647,4.0
8648,4.0
8649,5.0
8650,4.0
8651,4.0
8652,2.0
8653,4.0
8654,4.0
8655,4.0
8656,4.0
8657,4.0
8658,3.0
8659,3.0
8660,4.0
8661,4.0
8662,4.0
8663,5.0
8664,4.0
8665,4.0
8666,4.0
8667,4.0
8668,4.0
8669,4.0
8670,4.0
8671,4.0
8672,4.0
8673,4.0
8674,4.0
8675,4.0
8676,4.0
8677,4.0
8678,4.0
8679,4.0
8680,3.0
8681,4.0
8682,4.0
8683,4.0
8684,4.0
8685,4.0
8686,4.0
8687,4.0
8688,4.0
8689,4.0
8690,4.0
8691,4.0
8692,4.0
8693,4.0
8694,3.0
8695,4.0
8696,4.0
8697,4.0
8698,4.0
8699,4.0
8700,4.0
8701,5.0
8702,4.0
8703,4.0
8704,4.0
8705,4.0
8706,4.0
8707,4.0
8708,4.0
8709,4.0
8710,4.0
8711,4.0
8712,4.0
8713,4.0
8714,4.0
8715,5.0
8716,4.0
8717,4.0
8718,4.0
8719,4.0
8720,4.0
8721,4.0
8722,4.0
8723,2.0
8724,4.0
8725,2.0
8726,4.0
8727,4.0
8728,4.0
8729,4.0
8730,3.0
8731,4.0
8732,4.0
8733,4.0
8734,4.0
8735,4.0
8736,2.0
8737,4.0
8738,4.0
8739,4.0
8740,4.0
8741,4.0
8742,4.0
8743,4.0
8744,4.0
8745,4.0
8746,4.0
8747,4.0
8748,5.0
8749,4.0
8750,4.0
8751,4.0
8752,4.0
8753,4.0
8754,4.0
8755,4.0
8756,3.0
8757,4.0
8758,4.0
8759,4.0
8760,4.0
8761,4.0
8762,3.0
8763,4.0
8764,4.0
8765,4.0
8766,4.0
8767,4.0
8768,4.0
8769,4.0
8770,4.0
8771,4.0
8772,4.0
8773,4.0
8774,4.0
8775,4.0
8776,4.0
8777,4.0
8778,4.0
8779,4.0
8780,4.0
8781,4.0
8782,4.0
8783,4.0
8784,4.0
8785,4.0
8786,4.0
8787,4.0
8788,4.0
8789,4.0
8790,4.0
8791,1.0
8792,4.0
8793,4.0
8794,4.0
8795,4.0
8796,5.0
8797,4.0
8798,4.0
8799,4.0
8800,4.0
8801,4.0
8802,4.0
8803,4.0
8804,4.0
8805,4.0
8806,4.0
8807,4.0
8808,5.0
8809,4.0
8810,4.0
8811,2.0
8812,4.0
8813,5.0
8814,4.0
8815,4.0
8816,4.0
8817,4.0
8818,4.0
8819,4.0
8820,1.0
8821,4.0
8822,3.0
8823,4.0
8824,4.0
8825,4.0
8826,4.0
8827,4.0
8828,4.0
8829,3.0
8830,3.0
8831,5.0
8832,4.0
8833,4.0
8834,4.0
8835,4.0
8836,4.0
8837,4.0
8838,4.0
8839,4.0
8840,4.0
8841,4.0
8842,5.0
8843,5.0
8844,4.0
8845,4.0
8846,4.0
8847,4.0
8848,4.0
8849,4.0
8850,2.0
8851,4.0
8852,4.0
8853,4.0
8854,4.0
8855,4.0
8856,4.0
8857,4.0
8858,4.0
8859,3.0
8860,4.0
8861,4.0
8862,4.0
8863,4.0
8864,4.0
8865,4.0
8866,4.0
8867,4.0
8868,4.0
8869,3.0
8870,4.0
8871,4.0
8872,4.0
8873,4.0
8874,3.0
8875,4.0
8876,4.0
8877,4.0
8878,4.0
8879,4.0
8880,4.0
8881,4.0
8882,4.0
8883,4.0
8884,4.0
8885,4.0
8886,3.0
8887,4.0
8888,5.0
8889,4.0
8890,4.0
8891,5.0
8892,4.0
8893,4.0
8894,4.0
8895,5.0
8896,4.0
8897,4.0
8898,4.0
8899,5.0
8900,4.0
8901,4.0
8902,4.0
8903,4.0
8904,4.0
8905,4.0
8906,4.0
8907,4.0
8908,4.0
8909,5.0
8910,5.0
8911,4.0
8912,5.0
8913,4.0
8914,5.0
8915,4.0
8916,4.0
8917,4.0
8918,4.0
8919,4.0
8920,4.0
8921,4.0
8922,4.0
8923,4.0
8924,4.0
8925,4.0
8926,4.0
8927,4.0
8928,2.0
8929,5.0
8930,5.0
8931,3.0
8932,5.0
8933,4.0
8934,4.0
8935,4.0
8936,4.0
8937,4.0
8938,4.0
8939,4.0
8940,4.0
8941,4.0
8942,4.0
8943,4.0
8944,4.0
8945,4.0
8946,4.0
8947,4.0
8948,4.0
8949,4.0
8950,4.0
8951,3.0
8952,4.0
8953,4.0
8954,4.0
8955,4.0
8956,3.0
8957,4.0
8958,4.0
8959,4.0
8960,4.0
8961,4.0
8962,4.0
8963,4.0
8964,4.0
8965,5.0
8966,4.0
8967,4.0
8968,4.0
8969,4.0
8970,4.0
8971,4.0
8972,4.0
8973,4.0
8974,4.0
8975,4.0
8976,4.0
8977,4.0
8978,4.0
8979,5.0
8980,4.0
8981,4.0
8982,4.0
8983,4.0
8984,4.0
8985,4.0
8986,4.0
8987,4.0
8988,4.0
8989,5.0
8990,4.0
8991,4.0
8992,4.0
8993,4.0
8994,4.0
8995,4.0
8996,4.0
8997,4.0
8998,4.0
8999,4.0
9000,4.0
9001,4.0
9002,5.0
9003,4.0
9004,2.0
9005,4.0
9006,4.0
9007,4.0
9008,4.0
9009,4.0
9010,4.0
9011,4.0
9012,4.0
9013,4.0
9014,4.0
9015,4.0
9016,4.0
9017,4.0
9018,4.0
9019,4.0
9020,4.0
9021,4.0
9022,5.0
9023,4.0
9024,4.0
9025,4.0
9026,4.0
9027,3.0
9028,4.0
9029,4.0
9030,4.0
9031,4.0
9032,5.0
9033,4.0
9034,4.0
9035,4.0
9036,4.0
9037,4.0
9038,4.0
9039,1.0
9040,4.0
9041,4.0
9042,3.0
9043,4.0
9044,4.0
9045,4.0
9046,4.0
9047,3.0
9048,4.0
9049,4.0
9050,4.0
9051,4.0
9052,4.0
9053,4.0
9054,2.0
9055,4.0
9056,3.0
9057,4.0
9058,4.0
9059,4.0
9060,4.0
9061,4.0
9062,4.0
9063,4.0
9064,4.0
9065,4.0
9066,3.0
9067,4.0
9068,4.0
9069,4.0
9070,4.0
9071,4.0
9072,4.0
9073,4.0
9074,4.0
9075,4.0
9076,4.0
9077,4.0
9078,2.0
9079,4.0
9080,3.0
9081,4.0
9082,4.0
9083,4.0
9084,4.0
9085,5.0
9086,4.0
9087,5.0
9088,4.0
9089,4.0
9090,4.0
9091,4.0
9092,4.0
9093,1.0
9094,4.0
9095,4.0
9096,4.0
9097,4.0
9098,4.0
9099,4.0
9100,4.0
9101,4.0
9102,4.0
9103,4.0
9104,4.0
9105,4.0
9106,4.0
9107,4.0
9108,5.0
9109,5.0
9110,4.0
9111,4.0
9112,4.0
9113,4.0
9114,4.0
9115,4.0
9116,4.0
9117,4.0
9118,4.0
9119,4.0
9120,4.0
9121,4.0
9122,4.0
9123,4.0
9124,4.0
9125,4.0
9126,4.0
9127,4.0
9128,4.0
9129,4.0
9130,2.0
9131,4.0
9132,4.0
9133,4.0
9134,4.0
9135,4.0
9136,4.0
9137,4.0
9138,4.0
9139,4.0
9140,5.0
9141,4.0
9142,4.0
9143,4.0
9144,5.0
9145,4.0
9146,4.0
9147,2.0
9148,4.0
9149,4.0
9150,4.0
9151,5.0
9152,4.0
9153,5.0
9154,4.0
9155,4.0
9156,4.0
9157,4.0
9158,4.0
9159,4.0
9160,1.0
9161,4.0
9162,4.0
9163,4.0
9164,4.0
9165,4.0
9166,4.0
9167,4.0
9168,4.0
9169,4.0
9170,4.0
9171,3.0
9172,4.0
9173,4.0
9174,4.0
9175,4.0
9176,4.0
9177,4.0
9178,4.0
9179,4.0
9180,4.0
9181,4.0
9182,1.0
9183,4.0
9184,4.0
9185,4.0
9186,4.0
9187,4.0
9188,4.0
9189,4.0
9190,1.0
9191,4.0
9192,4.0
9193,4.0
9194,4.0
9195,4.0
9196,4.0
9197,4.0
9198,4.0
9199,4.0
9200,4.0
9201,4.0
9202,4.0
9203,4.0
9204,4.0
9205,4.0
9206,5.0
9207,4.0
9208,4.0
9209,4.0
9210,4.0
9211,3.0
9212,4.0
9213,4.0
9214,4.0
9215,4.0
9216,4.0
9217,4.0
9218,4.0
9219,4.0
9220,4.0
9221,4.0
9222,4.0
9223,4.0
9224,4.0
9225,4.0
9226,4.0
9227,1.0
9228,3.0
9229,4.0
9230,4.0
9231,4.0
9232,4.0
9233,5.0
9234,5.0
9235,2.0
9236,4.0
9237,4.0
9238,4.0
9239,4.0
9240,4.0
9241,5.0
9242,4.0
9243,4.0
9244,4.0
9245,4.0
9246,4.0
9247,4.0
9248,5.0
9249,5.0
9250,4.0
9251,3.0
9252,5.0
9253,4.0
9254,4.0
9255,4.0
9256,4.0
9257,4.0
9258,4.0
9259,4.0
9260,4.0
9261,4.0
9262,4.0
9263,4.0
9264,4.0
9265,5.0
9266,4.0
9267,4.0
9268,4.0
9269,4.0
9270,4.0
9271,5.0
9272,4.0
9273,4.0
9274,2.0
9275,4.0
9276,4.0
9277,4.0
9278,4.0
9279,4.0
9280,4.0
9281,4.0
9282,4.0
9283,4.0
9284,5.0
9285,4.0
9286,4.0
9287,4.0
9288,2.0
9289,4.0
9290,4.0
9291,4.0
9292,4.0
9293,4.0
9294,4.0
9295,1.0
9296,5.0
9297,4.0
9298,4.0
9299,2.0
9300,4.0
9301,4.0
9302,4.0
9303,4.0
9304,3.0
9305,4.0
9306,4.0
9307,4.0
9308,4.0
9309,4.0
9310,4.0
9311,4.0
9312,2.0
9313,5.0
9314,4.0
9315,4.0
9316,4.0
9317,4.0
9318,4.0
9319,4.0
9320,4.0
9321,4.0
9322,4.0
9323,4.0
9324,3.0
9325,4.0
9326,4.0
9327,5.0
9328,2.0
9329,4.0
9330,4.0
9331,4.0
9332,5.0
9333,4.0
9334,4.0
9335,4.0
9336,4.0
9337,4.0
9338,4.0
9339,4.0
9340,4.0
9341,3.0
9342,4.0
9343,4.0
9344,4.0
9345,3.0
9346,4.0
9347,4.0
9348,4.0
9349,4.0
9350,4.0
9351,4.0
9352,4.0
9353,4.0
9354,4.0
9355,4.0
9356,4.0
9357,4.0
9358,4.0
9359,4.0
9360,2.0
9361,4.0
9362,4.0
9363,4.0
9364,3.0
9365,4.0
9366,4.0
9367,4.0
9368,5.0
9369,4.0
9370,4.0
9371,4.0
9372,4.0
9373,4.0
9374,4.0
9375,4.0
9376,4.0
9377,4.0
9378,4.0
9379,5.0
9380,4.0
9381,4.0
9382,4.0
9383,4.0
9384,4.0
9385,4.0
9386,5.0
9387,5.0
9388,5.0
9389,4.0
9390,4.0
9391,4.0
9392,4.0
9393,4.0
9394,4.0
9395,4.0
9396,4.0
9397,4.0
9398,4.0
9399,4.0
9400,4.0
9401,4.0
9402,4.0
9403,5.0
9404,4.0
9405,4.0
9406,4.0
9407,2.0
9408,4.0
9409,4.0
9410,4.0
9411,4.0
9412,4.0
9413,4.0
9414,4.0
9415,4.0
9416,4.0
9417,4.0
9418,5.0
9419,4.0
9420,4.0
9421,4.0
9422,3.0
9423,4.0
9424,3.0
9425,4.0
9426,4.0
9427,4.0
9428,4.0
9429,4.0
9430,2.0
9431,4.0
9432,4.0
9433,4.0
9434,4.0
9435,4.0
9436,4.0
9437,4.0
9438,4.0
9439,4.0
9440,4.0
9441,4.0
9442,4.0
9443,4.0
9444,4.0
9445,4.0
9446,5.0
9447,4.0
9448,4.0
9449,4.0
9450,2.0
9451,4.0
9452,4.0
9453,4.0
9454,4.0
9455,4.0
9456,4.0
9457,4.0
9458,4.0
9459,4.0
9460,4.0
9461,4.0
9462,4.0
9463,4.0
9464,4.0
9465,4.0
9466,3.0
9467,4.0
9468,4.0
9469,4.0
9470,4.0
9471,4.0
9472,4.0
9473,4.0
9474,4.0
9475,4.0
9476,4.0
9477,5.0
9478,3.0
9479,4.0
9480,4.0
9481,2.0
9482,4.0
9483,4.0
9484,4.0
9485,4.0
9486,4.0
9487,2.0
9488,4.0
9489,4.0
9490,4.0
9491,4.0
9492,4.0
9493,4.0
9494,1.0
9495,4.0
9496,4.0
9497,4.0
9498,4.0
9499,3.0
9500,4.0
9501,4.0
9502,4.0
9503,4.0
9504,4.0
9505,4.0
9506,4.0
9507,4.0
9508,4.0
9509,4.0
9510,4.0
9511,4.0
9512,4.0
9513,4.0
9514,4.0
9515,4.0
9516,4.0
9517,3.0
9518,4.0
9519,4.0
9520,4.0
9521,4.0
9522,4.0
9523,3.0
9524,4.0
9525,2.0
9526,4.0
9527,4.0
9528,2.0
9529,4.0
9530,4.0
9531,4.0
9532,3.0
9533,4.0
9534,2.0
9535,4.0
9536,4.0
9537,4.0
9538,4.0
9539,4.0
9540,4.0
9541,4.0
9542,4.0
9543,4.0
9544,3.0
9545,4.0
9546,4.0
9547,4.0
9548,4.0
9549,2.0
9550,4.0
9551,4.0
9552,4.0
9553,4.0
9554,4.0
9555,4.0
9556,4.0
9557,3.0
9558,4.0
9559,4.0
9560,4.0
9561,4.0
9562,4.0
9563,4.0
9564,4.0
9565,4.0
9566,4.0
9567,4.0
9568,4.0
9569,4.0
9570,4.0
9571,4.0
9572,4.0
9573,4.0
9574,4.0
9575,5.0
9576,4.0
9577,4.0
9578,4.0
9579,4.0
9580,4.0
9581,5.0
9582,4.0
9583,4.0
9584,4.0
9585,4.0
9586,4.0
9587,4.0
9588,4.0
9589,4.0
9590,4.0
9591,4.0
9592,4.0
9593,4.0
9594,4.0
9595,4.0
9596,4.0
9597,4.0
9598,4.0
9599,2.0
9600,4.0
9601,4.0
9602,4.0
9603,4.0
9604,3.0
9605,4.0
9606,4.0
9607,4.0
9608,2.0
9609,4.0
9610,4.0
9611,4.0
9612,4.0
9613,5.0
9614,4.0
9615,4.0
9616,4.0
9617,4.0
9618,4.0
9619,4.0
9620,4.0
9621,4.0
9622,4.0
9623,4.0
9624,4.0
9625,4.0
9626,4.0
9627,4.0
9628,4.0
9629,4.0
9630,5.0
9631,4.0
9632,4.0
9633,5.0
9634,4.0
9635,4.0
9636,4.0
9637,4.0
9638,4.0
9639,4.0
9640,4.0
9641,4.0
9642,4.0
9643,4.0
9644,4.0
9645,4.0
9646,5.0
9647,4.0
9648,4.0
9649,5.0
9650,4.0
9651,4.0
9652,4.0
9653,4.0
9654,4.0
9655,4.0
9656,4.0
9657,4.0
9658,4.0
9659,4.0
9660,4.0
9661,4.0
9662,4.0
9663,4.0
9664,5.0
9665,4.0
9666,4.0
9667,4.0
9668,4.0
9669,4.0
9670,4.0
9671,4.0
9672,4.0
9673,4.0
9674,4.0
9675,4.0
9676,4.0
9677,2.0
9678,4.0
9679,4.0
9680,4.0
9681,4.0
9682,4.0
9683,5.0
9684,5.0
9685,4.0
9686,4.0
9687,4.0
9688,4.0
9689,4.0
9690,3.0
9691,4.0
9692,4.0
9693,4.0
9694,4.0
9695,4.0
9696,4.0
9697,5.0
9698,4.0
9699,4.0
9700,4.0
9701,4.0
9702,4.0
9703,4.0
9704,2.0
9705,5.0
9706,4.0
9707,4.0
9708,4.0
9709,4.0
9710,4.0
9711,5.0
9712,2.0
9713,4.0
9714,4.0
9715,4.0
9716,4.0
9717,4.0
9718,5.0
9719,4.0
9720,4.0
9721,4.0
9722,4.0
9723,4.0
9724,4.0
9725,4.0
9726,2.0
9727,3.0
9728,4.0
9729,3.0
9730,4.0
9731,4.0
9732,4.0
9733,4.0
9734,4.0
9735,4.0
9736,4.0
9737,4.0
9738,4.0
9739,4.0
9740,5.0
9741,4.0
9742,4.0
9743,4.0
9744,4.0
9745,4.0
9746,4.0
9747,4.0
9748,4.0
9749,5.0
9750,4.0
9751,4.0
9752,4.0
9753,4.0
9754,4.0
9755,4.0
9756,4.0
9757,5.0
9758,4.0
9759,4.0
9760,4.0
9761,4.0
9762,4.0
9763,5.0
9764,4.0
9765,4.0
9766,4.0
9767,4.0
9768,4.0
9769,4.0
9770,5.0
9771,4.0
9772,4.0
9773,4.0
9774,4.0
9775,4.0
9776,4.0
9777,4.0
9778,4.0
9779,5.0
9780,5.0
9781,4.0
9782,4.0
9783,4.0
9784,4.0
9785,4.0
9786,3.0
9787,4.0
9788,4.0
9789,4.0
9790,5.0
9791,4.0
9792,4.0
9793,3.0
9794,4.0
9795,4.0
9796,4.0
9797,4.0
9798,4.0
9799,4.0
9800,4.0
9801,4.0
9802,5.0
9803,4.0
9804,4.0
9805,4.0
9806,5.0
9807,4.0
9808,4.0
9809,4.0
9810,4.0
9811,4.0
9812,4.0
9813,4.0
9814,4.0
9815,4.0
9816,4.0
9817,4.0
9818,4.0
9819,4.0
9820,4.0
9821,4.0
9822,4.0
9823,4.0
9824,4.0
9825,4.0
9826,4.0
9827,4.0
9828,4.0
9829,4.0
9830,4.0
9831,4.0
9832,4.0
9833,4.0
9834,5.0
9835,5.0
9836,4.0
9837,4.0
9838,5.0
9839,4.0
9840,5.0
9841,4.0
9842,4.0
9843,5.0
9844,4.0
9845,4.0
9846,4.0
9847,4.0
9848,4.0
9849,4.0
9850,5.0
9851,4.0
9852,5.0
9853,4.0
9854,3.0
9855,4.0
9856,4.0
9857,5.0
9858,4.0
9859,4.0
9860,4.0
9861,4.0
9862,4.0
9863,4.0
9864,4.0
9865,4.0
9866,4.0
9867,3.0
9868,4.0
9869,4.0
9870,4.0
9871,4.0
9872,4.0
9873,4.0
9874,4.0
9875,5.0
9876,4.0
9877,5.0
9878,5.0
9879,4.0
9880,4.0
9881,4.0
9882,4.0
9883,4.0
9884,4.0
9885,4.0
9886,4.0
9887,4.0
9888,4.0
9889,4.0
9890,4.0
9891,4.0
9892,4.0
9893,5.0
9894,4.0
9895,4.0
9896,4.0
9897,4.0
9898,4.0
9899,4.0
9900,4.0
9901,4.0
9902,3.0
9903,4.0
9904,4.0
9905,4.0
9906,4.0
9907,4.0
9908,4.0
9909,4.0
9910,4.0
9911,4.0
9912,4.0
9913,4.0
9914,4.0
9915,5.0
9916,4.0
9917,4.0
9918,4.0
9919,4.0
9920,4.0
9921,4.0
9922,4.0
9923,4.0
9924,4.0
9925,4.0
9926,4.0
9927,4.0
9928,4.0
9929,4.0
9930,4.0
9931,4.0
9932,4.0
9933,4.0
9934,4.0
9935,2.0
9936,4.0
9937,4.0
9938,5.0
9939,4.0
9940,4.0
9941,4.0
9942,4.0
9943,4.0
9944,4.0
9945,5.0
9946,3.0
9947,4.0
9948,3.0
9949,4.0
9950,4.0
9951,4.0
9952,4.0
9953,4.0
9954,2.0
9955,4.0
9956,4.0
9957,4.0
9958,4.0
9959,4.0
9960,4.0
9961,4.0
9962,4.0
9963,2.0
9964,4.0
9965,4.0
9966,4.0
9967,5.0
9968,4.0
9969,5.0
9970,3.0
9971,4.0
9972,5.0
9973,4.0
9974,4.0
9975,4.0
9976,4.0
9977,4.0
9978,2.0
9979,4.0
9980,4.0
9981,4.0
9982,4.0
9983,4.0
9984,4.0
9985,4.0
9986,5.0
9987,5.0
9988,4.0
9989,2.0
9990,4.0
9991,4.0
9992,4.0
9993,4.0
9994,4.0
9995,4.0
9996,4.0
9997,4.0
9998,4.0
9999,4.0
10000,4.0
10001,4.0
10002,4.0
10003,4.0
10004,4.0
10005,4.0
10006,4.0
10007,2.0
10008,4.0
10009,4.0
10010,4.0
10011,4.0
10012,4.0
10013,4.0
10014,4.0
10015,4.0
10016,4.0
10017,4.0
10018,2.0
10019,4.0
10020,5.0
10021,4.0
10022,4.0
10023,4.0
10024,4.0
10025,4.0
10026,4.0
10027,4.0
10028,4.0
10029,5.0
10030,4.0
10031,4.0
10032,4.0
10033,4.0
10034,4.0
10035,4.0
10036,4.0
10037,4.0
10038,4.0
10039,4.0
10040,4.0
10041,5.0
10042,4.0
10043,4.0
10044,5.0
10045,4.0
10046,5.0
10047,4.0
10048,4.0
10049,4.0
10050,4.0
10051,4.0
10052,4.0
10053,4.0
10054,2.0
10055,4.0
10056,4.0
10057,4.0
10058,4.0
10059,4.0
10060,4.0
10061,4.0
10062,4.0
10063,4.0
10064,4.0
10065,4.0
10066,4.0
10067,4.0
10068,4.0
10069,4.0
10070,4.0
10071,4.0
10072,4.0
10073,4.0
10074,4.0
10075,4.0
10076,4.0
10077,4.0
10078,4.0
10079,4.0
10080,4.0
10081,4.0
10082,4.0
10083,4.0
10084,4.0
10085,4.0
10086,4.0
10087,4.0
10088,4.0
10089,2.0
10090,4.0
10091,4.0
10092,4.0
10093,4.0
10094,4.0
10095,4.0
10096,4.0
10097,4.0
10098,4.0
10099,4.0
10100,3.0
10101,4.0
10102,4.0
10103,4.0
10104,4.0
10105,4.0
10106,4.0
10107,4.0
10108,4.0
10109,4.0
10110,4.0
10111,5.0
10112,4.0
10113,4.0
10114,3.0
10115,4.0
10116,4.0
10117,5.0
10118,4.0
10119,4.0
10120,4.0
10121,4.0
10122,4.0
10123,4.0
10124,4.0
10125,4.0
10126,4.0
10127,4.0
10128,4.0
10129,4.0
10130,4.0
10131,4.0
10132,4.0
10133,4.0
10134,4.0
10135,4.0
10136,4.0
10137,2.0
10138,4.0
10139,4.0
10140,4.0
10141,4.0
10142,4.0
10143,4.0
10144,4.0
10145,4.0
10146,4.0
10147,4.0
10148,4.0
10149,4.0
10150,4.0
10151,5.0
10152,4.0
10153,4.0
10154,4.0
10155,4.0
10156,4.0
10157,4.0
10158,4.0
10159,4.0
10160,1.0
10161,4.0
10162,4.0
10163,4.0
10164,4.0
10165,5.0
10166,4.0
10167,4.0
10168,4.0
10169,4.0
10170,4.0
10171,4.0
10172,4.0
10173,4.0
10174,4.0
10175,4.0
10176,4.0
10177,4.0
10178,4.0
10179,4.0
10180,4.0
10181,4.0
10182,4.0
10183,4.0
10184,4.0
10185,4.0
10186,4.0
10187,4.0
10188,4.0
10189,5.0
10190,4.0
10191,4.0
10192,4.0
10193,5.0
10194,4.0
10195,4.0
10196,4.0
10197,4.0
10198,4.0
10199,4.0
10200,5.0
10201,5.0
10202,4.0
10203,4.0
10204,4.0
10205,4.0
10206,4.0
10207,4.0
10208,4.0
10209,3.0
10210,4.0
10211,4.0
10212,4.0
10213,4.0
10214,4.0
10215,4.0
10216,4.0
10217,4.0
10218,4.0
10219,4.0
10220,5.0
10221,4.0
10222,4.0
10223,4.0
10224,4.0
10225,4.0
10226,4.0
10227,4.0
10228,4.0
10229,4.0
10230,4.0
10231,4.0
10232,4.0
10233,4.0
10234,4.0
10235,3.0
10236,5.0
10237,4.0
10238,4.0
10239,4.0
10240,2.0
10241,4.0
10242,4.0
10243,4.0
10244,4.0
10245,4.0
10246,5.0
10247,5.0
10248,4.0
10249,4.0
10250,5.0
10251,4.0
10252,4.0
10253,4.0
10254,4.0
10255,4.0
10256,4.0
10257,4.0
10258,4.0
10259,4.0
10260,4.0
10261,4.0
10262,4.0
10263,1.0
10264,4.0
10265,4.0
10266,4.0
10267,4.0
10268,4.0
10269,4.0
10270,4.0
10271,2.0
10272,4.0
10273,4.0
10274,4.0
10275,4.0
10276,4.0
10277,4.0
10278,4.0
10279,4.0
10280,4.0
10281,4.0
10282,4.0
10283,4.0
10284,4.0
10285,5.0
10286,4.0
10287,4.0
10288,4.0
10289,4.0
10290,4.0
10291,4.0
10292,5.0
10293,4.0
10294,4.0
10295,4.0
10296,4.0
10297,4.0
10298,4.0
10299,4.0
10300,4.0
10301,4.0
10302,5.0
10303,3.0
10304,4.0
10305,4.0
10306,4.0
10307,4.0
10308,4.0
10309,4.0
10310,4.0
10311,4.0
10312,4.0
10313,4.0
10314,4.0
10315,4.0
10316,4.0
10317,4.0
10318,4.0
10319,4.0
10320,4.0
10321,4.0
10322,4.0
10323,4.0
10324,4.0
10325,4.0
10326,4.0
10327,4.0
10328,4.0
10329,4.0
10330,4.0
10331,4.0
10332,4.0
10333,3.0
10334,4.0
10335,4.0
10336,4.0
10337,4.0
10338,2.0
10339,4.0
10340,4.0
10341,4.0
10342,4.0
10343,4.0
10344,4.0
10345,4.0
10346,4.0
10347,4.0
10348,4.0
10349,4.0
10350,4.0
10351,4.0
10352,4.0
10353,3.0
10354,4.0
10355,4.0
10356,4.0
10357,4.0
10358,4.0
10359,4.0
10360,4.0
10361,4.0
10362,4.0
10363,4.0
10364,4.0
10365,4.0
10366,4.0
10367,4.0
10368,4.0
10369,4.0
10370,4.0
10371,4.0
10372,4.0
10373,4.0
10374,4.0
10375,4.0
10376,3.0
10377,5.0
10378,3.0
10379,4.0
10380,4.0
10381,4.0
10382,4.0
10383,4.0
10384,4.0
10385,4.0
10386,4.0
10387,5.0
10388,4.0
10389,4.0
10390,2.0
10391,2.0
10392,4.0
10393,4.0
10394,4.0
10395,4.0
10396,4.0
10397,4.0
10398,2.0
10399,4.0
10400,4.0
10401,5.0
10402,4.0
10403,4.0
10404,4.0
10405,5.0
10406,4.0
10407,4.0
10408,4.0
10409,4.0
10410,4.0
10411,4.0
10412,4.0
10413,4.0
10414,4.0
10415,4.0
10416,4.0
10417,4.0
10418,4.0
10419,4.0
10420,4.0
10421,4.0
10422,4.0
10423,4.0
10424,4.0
10425,4.0
10426,4.0
10427,5.0
10428,2.0
10429,4.0
10430,4.0
10431,4.0
10432,4.0
10433,5.0
10434,5.0
10435,4.0
10436,4.0
10437,4.0
10438,4.0
10439,4.0
10440,4.0
10441,4.0
10442,4.0
10443,4.0
10444,5.0
10445,4.0
10446,4.0
10447,4.0
10448,4.0
10449,4.0
10450,4.0
10451,4.0
10452,4.0
10453,4.0
10454,4.0
10455,4.0
10456,4.0
10457,4.0
10458,5.0
10459,4.0
10460,5.0
10461,4.0
10462,4.0
10463,4.0
10464,4.0
10465,4.0
10466,4.0
10467,4.0
10468,4.0
10469,4.0
10470,4.0
10471,4.0
10472,4.0
10473,4.0
10474,4.0
10475,4.0
10476,4.0
10477,4.0
10478,4.0
10479,5.0
10480,4.0
10481,4.0
10482,4.0
10483,4.0
10484,4.0
10485,4.0
10486,4.0
10487,4.0
10488,4.0
10489,4.0
10490,4.0
10491,4.0
10492,4.0
10493,4.0
10494,4.0
10495,4.0
10496,4.0
10497,4.0
10498,4.0
10499,4.0
10500,4.0
10501,4.0
10502,4.0
10503,4.0
10504,4.0
10505,5.0
10506,4.0
10507,4.0
10508,4.0
10509,4.0
10510,4.0
10511,4.0
10512,4.0
10513,3.0
10514,4.0
10515,4.0
10516,4.0
10517,4.0
10518,4.0
10519,4.0
10520,4.0
10521,5.0
10522,4.0
10523,4.0
10524,4.0
10525,4.0
10526,4.0
10527,4.0
10528,4.0
10529,4.0
10530,5.0
10531,4.0
10532,4.0
10533,4.0
10534,4.0
10535,4.0
10536,4.0
10537,4.0
10538,4.0
10539,5.0
10540,4.0
10541,4.0
10542,4.0
10543,4.0
10544,4.0
10545,4.0
10546,4.0
10547,4.0
10548,4.0
10549,4.0
10550,4.0
10551,4.0
10552,4.0
10553,4.0
10554,5.0
10555,4.0
10556,2.0
10557,4.0
10558,4.0
10559,4.0
10560,4.0
10561,4.0
10562,2.0
10563,3.0
10564,4.0
10565,4.0
10566,1.0
10567,4.0
10568,4.0
10569,4.0
10570,4.0
10571,4.0
10572,4.0
10573,4.0
10574,4.0
10575,4.0
10576,4.0
10577,4.0
10578,3.0
10579,4.0
10580,3.0
10581,4.0
10582,4.0
10583,4.0
10584,4.0
10585,4.0
10586,4.0
10587,4.0
10588,4.0
10589,4.0
10590,4.0
10591,4.0
10592,4.0
10593,4.0
10594,4.0
10595,4.0
10596,4.0
10597,4.0
10598,4.0
10599,4.0
10600,4.0
10601,5.0
10602,4.0
10603,4.0
10604,4.0
10605,4.0
10606,4.0
10607,4.0
10608,4.0
10609,4.0
10610,4.0
10611,4.0
10612,4.0
10613,3.0
10614,4.0
10615,4.0
10616,2.0
10617,4.0
10618,4.0
10619,4.0
10620,5.0
10621,4.0
10622,4.0
10623,4.0
10624,4.0
10625,4.0
10626,4.0
10627,4.0
10628,4.0
10629,4.0
10630,4.0
10631,4.0
10632,4.0
10633,4.0
10634,5.0
10635,4.0
10636,5.0
10637,4.0
10638,4.0
10639,3.0
10640,4.0
10641,4.0
10642,4.0
10643,4.0
10644,4.0
10645,4.0
10646,4.0
10647,4.0
10648,4.0
10649,4.0
10650,4.0
10651,4.0
10652,4.0
10653,4.0
10654,2.0
10655,4.0
10656,4.0
10657,4.0
10658,4.0
10659,4.0
10660,4.0
10661,4.0
10662,4.0
10663,4.0
10664,4.0
10665,2.0
10666,4.0
10667,4.0
10668,4.0
10669,2.0
10670,5.0
10671,4.0
10672,4.0
10673,4.0
10674,4.0
10675,4.0
10676,2.0
10677,5.0
10678,4.0
10679,4.0
10680,4.0
10681,4.0
10682,4.0
10683,4.0
10684,4.0
10685,4.0
10686,4.0
10687,5.0
10688,2.0
10689,4.0
10690,4.0
10691,4.0
10692,4.0
10693,4.0
10694,4.0
10695,4.0
10696,4.0
10697,4.0
10698,4.0
10699,4.0
10700,4.0
10701,4.0
10702,4.0
10703,4.0
10704,4.0
10705,4.0
10706,4.0
10707,4.0
10708,4.0
10709,5.0
10710,4.0
10711,4.0
10712,2.0
10713,4.0
10714,4.0
10715,4.0
10716,5.0
10717,4.0
10718,4.0
10719,4.0
10720,4.0
10721,4.0
10722,4.0
10723,4.0
10724,3.0
10725,3.0
10726,4.0
10727,4.0
10728,4.0
10729,4.0
10730,4.0
10731,4.0
10732,5.0
10733,1.0
10734,4.0
10735,5.0
10736,3.0
10737,4.0
10738,5.0
10739,4.0
10740,4.0
10741,4.0
10742,4.0
10743,4.0
10744,4.0
10745,2.0
10746,4.0
10747,4.0
10748,4.0
10749,5.0
10750,4.0
10751,4.0
10752,4.0
10753,4.0
10754,4.0
10755,4.0
10756,4.0
10757,4.0
10758,4.0
10759,4.0
10760,4.0
10761,4.0
10762,4.0
10763,4.0
10764,4.0
10765,4.0
10766,4.0
10767,5.0
10768,4.0
10769,4.0
10770,2.0
10771,4.0
10772,4.0
10773,4.0
10774,4.0
10775,4.0
10776,4.0
10777,4.0
10778,4.0
10779,4.0
10780,4.0
10781,5.0
10782,4.0
10783,4.0
10784,4.0
10785,4.0
10786,4.0
10787,5.0
10788,5.0
10789,4.0
10790,4.0
10791,4.0
10792,4.0
10793,4.0
10794,4.0
10795,4.0
10796,4.0
10797,2.0
10798,4.0
10799,4.0
10800,5.0
10801,4.0
10802,4.0
10803,4.0
10804,4.0
10805,4.0
10806,4.0
10807,4.0
10808,3.0
10809,4.0
10810,4.0
10811,4.0
10812,4.0
10813,4.0
10814,4.0
10815,4.0
10816,4.0
10817,4.0
10818,3.0
10819,4.0
10820,4.0
10821,4.0
10822,4.0
10823,4.0
10824,5.0
10825,4.0
10826,4.0
10827,4.0
10828,4.0
10829,4.0
10830,4.0
10831,4.0
10832,4.0
10833,4.0
10834,1.0
10835,4.0
10836,4.0
10837,4.0
10838,4.0
10839,4.0
10840,4.0
10841,5.0
10842,4.0
10843,4.0
10844,4.0
10845,4.0
10846,3.0
10847,4.0
10848,4.0
10849,4.0
10850,4.0
10851,4.0
10852,4.0
10853,4.0
10854,2.0
10855,4.0
10856,4.0
10857,4.0
10858,4.0
10859,4.0
10860,4.0
10861,4.0
10862,4.0
10863,4.0
10864,4.0
10865,4.0
10866,5.0
10867,4.0
10868,4.0
10869,4.0
10870,4.0
10871,4.0
10872,4.0
10873,4.0
10874,4.0
10875,4.0
10876,4.0
10877,4.0
10878,5.0
10879,4.0
10880,4.0
10881,4.0
10882,4.0
10883,5.0
10884,5.0
10885,4.0
10886,4.0
10887,4.0
10888,4.0
10889,4.0
10890,2.0
10891,5.0
10892,4.0
10893,4.0
10894,4.0
10895,4.0
10896,4.0
10897,4.0
10898,4.0
10899,4.0
10900,4.0
10901,4.0
10902,4.0
10903,4.0
10904,4.0
10905,4.0
10906,4.0
10907,4.0
10908,4.0
10909,4.0
10910,5.0
10911,4.0
10912,4.0
10913,4.0
10914,4.0
10915,4.0
10916,4.0
10917,4.0
10918,4.0
10919,4.0
10920,4.0
10921,4.0
10922,1.0
10923,4.0
10924,4.0
10925,4.0
10926,3.0
10927,4.0
10928,4.0
10929,5.0
10930,4.0
10931,4.0
10932,5.0
10933,4.0
10934,4.0
10935,3.0
10936,4.0
10937,4.0
10938,3.0
10939,5.0
10940,4.0
10941,4.0
10942,4.0
10943,4.0
10944,2.0
10945,1.0
10946,4.0
10947,4.0
10948,4.0
10949,4.0
10950,4.0
10951,4.0
10952,4.0
10953,4.0
10954,4.0
10955,4.0
10956,4.0
10957,4.0
10958,4.0
10959,4.0
10960,4.0
10961,4.0
10962,4.0
10963,4.0
10964,5.0
10965,4.0
10966,4.0
10967,4.0
10968,5.0
